Moby Dick ; 1
Moby Dick ; 1
Moby Dick ; 1
Moby Dick ; 1
Moby Dick ; 1
Moby Dick ; 1
Moby Dick ; 1
Moby Dick ; 1
Moby Dick ; 1
Moby Dick ; 5
Moby Dick ; UNO
Moby Dick ; UNO
Moby Dick ; UNO
Moby Dick ; UNO
Moby Dick ; UNO
Moby Dick ; UNO
Moby Dick ; UNO
Moby Dick ; UNO
Moby Dick ; UNO
Moby Dick ; UNO
Moby Dick ; UNO
Moby Dick ; UNO
Moby Dick ; UNO
Moby Dick ; UNO
Moby Dick ; UNO
Moby Dick ; UNO
Moby Dick ; UNO
Moby Dick ; UNO
Moby Dick ; UNO
Moby Dick ; UNO
Moby Dick ; UNO
Moby Dick ; UNO
Moby Dick ; UNO
Moby Dick ; UNO
Moby Dick ; UNO
Moby Dick ; UNO
Moby Dick ; UNO
Moby Dick ; UNO
